budget,dp,oracle,pair_agreement,pair_avg_kl_victim_to_stolen,pair_prompt_cos_sim,pair_prompt_l2_dist,seed,stolen_acc,stolen_avg_conf,stolen_f1,stolen_num_labels,stolen_pos_rate,stolen_prompt_len,stolen_prompt_norm,stolen_prompt_path,stolen_task,task,victim_acc,victim_avg_conf,victim_f1,victim_num_labels,victim_pos_rate,victim_prompt_len,victim_prompt_norm,victim_prompt_path,victim_task
200,False,probs,0.509793153944719,0.4394665801293811,0.07660549134016037,16.943105697631836,42,0.5053999633900788,0.5892635169492718,0.6712095400340715,2,0.9989017023613399,20,5.467559814453125,checkpoints/qnli/stolen_qnli_nodp_budget200_seed42_soft.pt,qnli,qnli,0.9007871133077063,0.9005018552318939,0.9022719076812117,2,0.509793153944719,20,16.460979461669922,checkpoints/qnli/victim_qnli_P20_seed42.pt,qnli
500,False,probs,0.5107084019769358,0.4540528020109424,0.0600692555308342,17.270265579223633,42,0.5055830129965221,0.6250654255844136,0.6708907030583648,2,0.9968881566904632,20,6.3063130378723145,checkpoints/qnli/stolen_qnli_nodp_budget500_seed42_soft.pt,qnli,qnli,0.9007871133077063,0.9005018552318939,0.9022719076812117,2,0.509793153944719,20,16.460979461669922,checkpoints/qnli/victim_qnli_P20_seed42.pt,qnli
200,False,probs,0.509793153944719,0.4394665801293811,0.07660549134016037,16.943105697631836,42,0.5053999633900788,0.5892635169492718,0.6712095400340715,2,0.9989017023613399,20,5.467559814453125,checkpoints/qnli/stolen_qnli_nodp_budget200_seed42_soft.pt,qnli,qnli,0.9007871133077063,0.9005018552318939,0.9022719076812117,2,0.509793153944719,20,16.460979461669922,checkpoints/qnli/victim_qnli_P20_seed42.pt,qnli
500,False,probs,0.5107084019769358,0.4540528020109424,0.0600692555308342,17.270265579223633,42,0.5055830129965221,0.6250654255844136,0.6708907030583648,2,0.9968881566904632,20,6.3063130378723145,checkpoints/qnli/stolen_qnli_nodp_budget500_seed42_soft.pt,qnli,qnli,0.9007871133077063,0.9005018552318939,0.9022719076812117,2,0.509793153944719,20,16.460979461669922,checkpoints/qnli/victim_qnli_P20_seed42.pt,qnli
1000,False,probs,0.510342302764049,0.44429088109647663,0.0766400694847107,17.144454956054688,42,0.5059491122094087,0.5978316188884178,0.6715346233418523,2,0.9987186527548966,20,6.217372894287109,checkpoints/qnli/stolen_qnli_nodp_budget1000_seed42_soft.pt,qnli,qnli,0.9007871133077063,0.9005018552318939,0.9022719076812117,2,0.509793153944719,20,16.460979461669922,checkpoints/qnli/victim_qnli_P20_seed42.pt,qnli
