budget,dp,oracle,pair_agreement,pair_avg_kl_victim_to_stolen,pair_prompt_cos_sim,pair_prompt_l2_dist,seed,stolen_acc,stolen_avg_conf,stolen_f1,stolen_num_labels,stolen_pos_rate,stolen_prompt_len,stolen_prompt_norm,stolen_prompt_path,stolen_task,task,victim_acc,victim_avg_conf,victim_f1,victim_num_labels,victim_pos_rate,victim_prompt_len,victim_prompt_norm,victim_prompt_path,victim_task
200,False,hard,0.5204100311184331,0.48201094732798655,0.06431452929973602,17.003829956054688,42,0.5163829397766795,0.6588767428941917,0.668922305764411,2,0.9553358960278235,20,5.45040225982666,checkpoints/qnli/stolen_qnli_nodp_budget200_seed42_hard.pt,qnli,qnli,0.9007871133077063,0.9005018552318939,0.9022719076812117,2,0.509793153944719,20,16.460979461669922,checkpoints/qnli/victim_qnli_P20_seed42.pt,qnli
500,False,hard,0.5149185429251327,0.4509445192906395,0.07904846966266632,17.074392318725586,42,0.5101592531576057,0.6110873193547073,0.669548036552235,2,0.9769357495881383,20,6.019701957702637,checkpoints/qnli/stolen_qnli_nodp_budget500_seed42_hard.pt,qnli,qnli,0.9007871133077063,0.9005018552318939,0.9022719076812117,2,0.509793153944719,20,16.460979461669922,checkpoints/qnli/victim_qnli_P20_seed42.pt,qnli
200,False,hard,0.5204100311184331,0.48201094732798655,0.06431452929973602,17.003829956054688,42,0.5163829397766795,0.6588767428941917,0.668922305764411,2,0.9553358960278235,20,5.45040225982666,checkpoints/qnli/stolen_qnli_nodp_budget200_seed42_hard.pt,qnli,qnli,0.9007871133077063,0.9005018552318939,0.9022719076812117,2,0.509793153944719,20,16.460979461669922,checkpoints/qnli/victim_qnli_P20_seed42.pt,qnli
500,False,hard,0.5149185429251327,0.4509445192906395,0.07904846966266632,17.074392318725586,42,0.5101592531576057,0.6110873193547073,0.669548036552235,2,0.9769357495881383,20,6.019701957702637,checkpoints/qnli/stolen_qnli_nodp_budget500_seed42_hard.pt,qnli,qnli,0.9007871133077063,0.9005018552318939,0.9022719076812117,2,0.509793153944719,20,16.460979461669922,checkpoints/qnli/victim_qnli_P20_seed42.pt,qnli
1000,False,hard,0.8916346329855391,0.1289795888715691,0.04865302890539169,17.927204132080078,42,0.8506315211422295,0.8633930517731188,0.8590186592950932,2,0.5540911587040088,20,7.946658134460449,checkpoints/qnli/stolen_qnli_nodp_budget1000_seed42_hard.pt,qnli,qnli,0.9007871133077063,0.9005018552318939,0.9022719076812117,2,0.509793153944719,20,16.460979461669922,checkpoints/qnli/victim_qnli_P20_seed42.pt,qnli
